gene_A,gene_B,lcbs_length,peak_col_pos,M,time_baseline_us,time_ms_us,speedup,lcbs_sequence
10128_at,10182_at,9,29,132,204.59998631849885,553.4000229090452,0.36971445220219323,"[0, 2, 4, 5, 8, 9, 8, 1, 0]"
10111_at,10179_at,9,1,132,193.29998758621514,481.29999777302146,0.4016205869117298,"[5, 9, 8, 7, 6, 4, 3, 2, 1]"
10161_g_at,10173_at,9,18,132,183.8000025600195,490.89998356066644,0.3744143587597108,"[1, 3, 5, 7, 8, 7, 6, 5, 4]"
10039_s_at,10103_at,9,14,132,281.5999905578792,501.09997391700745,0.5619636903124605,"[0, 3, 5, 7, 6, 4, 2, 1, 0]"
10040_at,10129_at,9,2,132,170.0999855529517,460.7000155374408,0.3692207072198976,"[7, 9, 7, 6, 5, 4, 2, 1, 0]"
10089_at,10167_at,10,11,132,174.99999376013875,456.3999827951193,0.38343558360451846,"[0, 1, 4, 5, 7, 8, 7, 5, 3, 2]"
10130_at,10181_at,10,26,132,175.0999945215881,467.10000606253743,0.3748661790814555,"[0, 1, 2, 5, 7, 9, 6, 5, 3, 0]"
10089_at,10162_at,9,25,132,175.49999756738544,460.49998491071165,0.3811074990619465,"[0, 1, 3, 6, 8, 5, 2, 1, 0]"
10075_at,10121_at,9,20,132,178.99999511428177,463.50000775419176,0.3861920002581984,"[0, 1, 4, 9, 8, 5, 2, 1, 0]"
10087_at,10138_g_at,8,1,132,180.60000729747117,459.4999772962183,0.3930359438974395,"[9, 6, 5, 4, 3, 2, 1, 0]"
10137_at,10182_at,9,5,132,173.70001296512783,452.20000902190804,0.38412209088813276,"[5, 6, 7, 8, 7, 6, 5, 4, 3]"
10043_at,10131_at,8,7,132,180.00000272877514,480.5999924428761,0.37453184677311424,"[0, 1, 2, 9, 5, 4, 3, 1]"
10019_at,10109_at,9,15,132,178.7999935913831,478.70000707916915,0.3735115749889941,"[2, 4, 5, 7, 9, 8, 6, 2, 0]"
10022_at,10188_at,9,24,132,171.59999697469175,455.2000027615577,0.37697714396671267,"[1, 4, 5, 7, 8, 3, 2, 1, 0]"
10067_at,10072_at,8,3,132,168.6000032350421,456.40001189894974,0.36941279325025816,"[3, 8, 9, 8, 6, 5, 4, 1]"
10045_at,10067_at,9,8,132,176.70000670477748,514.5999894011766,0.3433735140772109,"[0, 3, 9, 8, 6, 5, 4, 1, 0]"
10018_at,10151_at,9,13,132,846.999988425523,571.0000114049762,1.4833624719926608,"[0, 1, 5, 6, 9, 8, 7, 3, 2]"
10054_at,10173_at,9,7,132,176.10000213608146,466.5000014938414,0.37749196478492675,"[1, 3, 5, 7, 9, 4, 2, 1, 0]"
10027_at,10045_at,10,15,132,180.89998047798872,473.4999965876341,0.38204853596975313,"[0, 1, 2, 4, 9, 7, 5, 3, 1, 0]"
10019_at,10143_at,9,13,132,182.89999570697546,493.7000048812479,0.37046788312463014,"[0, 1, 2, 9, 7, 6, 2, 1, 0]"
10002_i_at,10131_at,9,19,132,184.00000408291817,486.7000097874552,0.3780562983002036,"[0, 1, 2, 3, 5, 8, 9, 8, 7]"
10111_at,10144_at,9,13,132,180.00000272877514,457.09998812526464,0.3937869337232351,"[4, 5, 9, 8, 7, 6, 3, 2, 1]"
10100_at,10181_at,10,26,132,170.90002074837685,453.39998905546963,0.3769299181157869,"[0, 1, 3, 4, 5, 7, 9, 7, 5, 1]"
10019_at,10161_g_at,9,20,132,169.90001313388348,459.7999795805663,0.36950852692265845,"[0, 4, 5, 8, 9, 8, 6, 2, 1]"
10018_at,10160_at,10,8,132,175.90000061318278,467.6000098697841,0.37617621236185794,"[0, 2, 3, 5, 9, 7, 5, 2, 1, 0]"
10166_at,10186_s_at,9,25,132,172.40000306628644,459.9000094458461,0.37486409985948654,"[0, 1, 4, 6, 8, 9, 7, 5, 2]"
10003_f_at,10188_at,8,23,132,174.2999884299934,467.6000098697841,0.3727544584067309,"[1, 2, 3, 7, 9, 8, 1, 0]"
10056_at,10097_at,10,8,132,176.60000594332814,459.69997881911695,0.3841636155759251,"[1, 4, 6, 9, 8, 6, 5, 4, 3, 0]"
10060_at,10114_at,8,7,132,187.90000467561185,487.19998449087143,0.3856732566852791,"[3, 9, 7, 5, 4, 3, 2, 1]"
10018_at,10085_at,10,8,132,175.79999985173345,481.1999970115721,0.36533666031487055,"[0, 1, 5, 7, 9, 8, 7, 6, 4, 3]"
10150_at,10166_at,9,19,132,170.79999088309705,459.30000487715006,0.37187021351933425,"[0, 1, 2, 5, 6, 9, 8, 5, 3]"
10023_at,10129_at,10,14,132,169.60001084953547,457.09998812526464,0.37103481788552994,"[0, 5, 6, 9, 8, 7, 6, 4, 2, 1]"
10033_at,10162_at,8,13,132,171.69999773614109,457.3000187519938,0.3754646636681173,"[4, 7, 9, 7, 6, 4, 1, 0]"
10048_at,10124_at,8,4,132,173.9000144880265,457.2999896481633,0.3802755705763768,"[6, 8, 9, 7, 5, 4, 3, 0]"
10012_at,10103_at,9,17,132,172.0000000204891,472.0000142697245,0.3644067686875104,"[0, 2, 5, 7, 8, 7, 4, 3, 0]"
10069_f_at,10130_at,9,10,132,171.69999773614109,464.4000146072358,0.36972435903421663,"[0, 1, 2, 5, 9, 8, 7, 5, 0]"
10033_at,10111_at,8,2,132,170.69999012164772,457.9999949783087,0.3727074060988412,"[5, 9, 7, 6, 4, 3, 2, 1]"
10177_at,10179_at,8,26,132,185.7000170275569,487.40001511760056,0.38100125413978686,"[0, 1, 2, 7, 9, 3, 2, 1]"
10173_at,10188_at,8,23,132,183.50000027567148,467.40000834688544,0.3925973406048491,"[1, 3, 7, 9, 3, 2, 1, 0]"
10067_at,10070_at,9,8,132,190.69999689236283,461.9999963324517,0.4127705593208199,"[2, 3, 5, 9, 8, 7, 6, 5, 3]"
10008_at,10129_at,9,3,132,171.69999773614109,459.80000868439674,0.3734232155136706,"[0, 7, 8, 7, 6, 5, 3, 1, 0]"
10162_at,10179_at,9,13,132,177.10000975057483,470.7000043708831,0.37624815828773767,"[0, 1, 5, 9, 7, 3, 2, 1, 0]"
10101_at,10121_at,10,12,132,172.89997776970267,466.90000453963876,0.3703147913656185,"[1, 3, 4, 8, 9, 8, 5, 3, 1, 0]"
10097_at,10159_at,10,20,132,168.9000055193901,466.90000453963876,0.3617477058838856,"[2, 3, 4, 6, 9, 7, 6, 4, 3, 2]"
10111_at,10187_at,9,12,132,171.1999939288944,462.1999978553504,0.3704024117768884,"[4, 5, 9, 8, 7, 6, 3, 2, 0]"
10043_at,10053_at,8,8,132,174.60001981817186,462.5000001396984,0.37751355624958666,"[0, 2, 5, 9, 8, 4, 1, 0]"
10012_at,10131_at,9,6,132,171.09999316744506,482.60000767186284,0.3545378998082862,"[1, 2, 3, 6, 5, 4, 3, 2, 1]"
10114_at,10146_at,9,13,132,180.7000080589205,474.2999735753983,0.3809825387439012,"[0, 4, 5, 9, 7, 5, 4, 3, 2]"
10041_at,10150_at,8,2,132,183.20002709515393,460.40001325309277,0.39791490404333363,"[2, 9, 8, 7, 5, 3, 2, 1]"
10037_at,10078_at,10,14,132,170.0999855529517,457.7000217977911,0.3716407634957482,"[5, 8, 9, 7, 5, 4, 3, 2, 1, 0]"
10101_at,10155_at,8,8,132,173.89998538419604,461.3000201061368,0.3769780572395917,"[0, 3, 8, 9, 8, 7, 1, 0]"
10039_s_at,10147_at,8,8,132,174.69999147579074,461.89999557100236,0.37822037919663976,"[5, 7, 9, 6, 5, 4, 3, 0]"
10003_f_at,10066_s_at,9,29,132,173.20000915788114,455.5000050459057,0.38024150875788876,"[0, 2, 3, 4, 5, 6, 9, 8, 7]"
10151_at,10181_at,9,26,132,176.2000028975308,454.49999743141234,0.3876787764429433,"[0, 1, 3, 5, 9, 7, 5, 3, 1]"
10005_at,10166_at,10,19,132,172.60000458918512,459.1000033542514,0.3759529586759843,"[1, 2, 4, 6, 8, 9, 8, 7, 2, 1]"
10037_at,10086_at,8,1,132,173.1000083964318,459.00000259280205,0.37712419916911416,"[7, 9, 7, 4, 3, 2, 1, 0]"
10111_at,10177_at,9,28,132,185.2999848779291,461.5000216290355,0.40151674148106015,"[0, 2, 4, 5, 6, 7, 8, 6, 5]"
10080_at,10089_at,9,26,132,174.7000205796212,469.3999944720417,0.37217729577546177,"[0, 1, 3, 4, 5, 8, 4, 3, 2]"
10066_s_at,10151_at,9,13,132,174.2999884299934,450.59999683871865,0.38681755360149245,"[0, 1, 3, 5, 6, 8, 9, 8, 7]"
10054_at,10076_at,10,15,132,179.49999892152846,454.3000250123441,0.3951133370874262,"[2, 5, 7, 9, 7, 4, 3, 2, 1, 0]"
10020_at,10069_f_at,7,8,132,172.3000023048371,458.2999972626567,0.37595462215569275,"[0, 3, 9, 4, 2, 1, 0]"
10052_at,10182_at,8,29,132,172.10000078193843,448.0999778024852,0.3840660774542532,"[0, 2, 3, 4, 6, 8, 9, 8]"
10078_at,10131_at,9,7,132,174.99999376013875,463.89998169615865,0.3772364748114148,"[0, 1, 2, 9, 6, 4, 3, 2, 1]"
10075_at,10171_at,9,30,132,171.79999849759042,464.00001156143844,0.3702586082260093,"[0, 1, 2, 3, 4, 6, 7, 3, 2]"
10124_at,10130_at,10,20,132,174.2000167723745,459.39997653476894,0.3791903040273457,"[5, 6, 7, 9, 8, 7, 5, 4, 3, 0]"
10003_f_at,10054_at,10,25,132,189.50001685880125,483.59998618252575,0.39185281694213697,"[0, 1, 2, 3, 4, 5, 6, 9, 7, 5]"
10075_at,10170_g_at,8,15,132,177.3000112734735,477.90000098757446,0.3709981395837732,"[2, 3, 7, 8, 7, 5, 3, 1]"
10033_at,10160_at,8,8,132,171.69999773614109,463.6000085156411,0.37036236967702346,"[5, 9, 7, 6, 4, 2, 1, 0]"
10078_at,10155_at,9,8,132,176.2000028975308,462.70000166259706,0.3808083040077805,"[0, 3, 8, 9, 8, 4, 2, 1, 0]"
10080_at,10124_at,8,4,132,171.69999773614109,459.7999795805663,0.3734232391501352,"[5, 7, 9, 7, 6, 3, 1, 0]"
10085_at,10087_at,11,23,132,172.59997548535466,457.1000172290951,0.37759783193980684,"[0, 1, 2, 3, 5, 8, 9, 8, 4, 1, 0]"
10001_at,10068_i_at,9,9,132,175.6999990902841,451.600004453212,0.38906111018094,"[0, 3, 4, 6, 7, 6, 4, 3, 0]"
10023_at,10151_at,9,13,132,172.3000023048371,458.2999972626567,0.37595462215569275,"[0, 3, 5, 6, 9, 8, 7, 4, 2]"
10023_at,10171_at,9,2,132,172.20000154338777,461.6999940481037,0.37296946883964344,"[4, 7, 9, 8, 7, 5, 4, 3, 1]"
10033_at,10109_at,8,15,132,175.3999968059361,482.7000084333122,0.3633726822902441,"[5, 7, 9, 7, 6, 3, 2, 0]"
10048_at,10177_at,9,28,132,173.40001068077981,468.1999853346497,0.3703545837508747,"[1, 2, 3, 4, 6, 7, 8, 6, 5]"
10161_g_at,10187_at,7,15,132,170.30001617968082,467.8000113926828,0.364044489166818,"[4, 5, 7, 5, 4, 2, 0]"
10026_at,10085_at,10,19,132,173.39998157694936,465.0999908335507,0.3728230165435662,"[0, 1, 2, 5, 6, 7, 9, 8, 4, 3]"
10087_at,10103_at,11,6,132,172.70000535063446,467.8000113926828,0.3691748634988079,"[3, 4, 6, 7, 9, 8, 7, 6, 4, 1, 0]"
10001_at,10097_at,10,11,132,170.49998859874904,455.000001238659,0.37472524864745543,"[0, 3, 4, 6, 7, 8, 6, 4, 3, 2]"
10038_i_at,10154_at,8,1,132,170.2000154182315,459.00000259280205,0.3708061317141712,"[8, 7, 6, 5, 4, 2, 1, 0]"
10037_at,10150_at,8,0,132,173.39998157694936,460.90001706033945,0.3762203843751397,"[9, 8, 7, 5, 3, 2, 1, 0]"
10100_at,10136_at,9,13,132,173.20000915788114,471.49998135864735,0.3673383160245265,"[1, 2, 5, 7, 9, 3, 2, 1, 0]"
10069_f_at,10072_at,8,16,132,172.10000078193843,483.3000130020082,0.3560935157293764,"[0, 4, 5, 9, 8, 6, 2, 1]"
10148_at,10171_at,9,26,132,174.99999376013875,466.29999997094274,0.37529486118602573,"[0, 1, 6, 7, 8, 9, 6, 3, 2]"
10003_f_at,10018_at,10,20,132,182.9999964684248,461.89999557100236,0.3961896475928725,"[0, 2, 3, 7, 9, 8, 7, 6, 5, 4]"
10033_at,10137_at,7,1,132,174.7000205796212,459.1000033542514,0.3805271603207089,"[5, 9, 6, 4, 3, 2, 1]"
10056_at,10186_s_at,9,13,132,172.3000023048371,456.4999835565686,0.37743703945497736,"[5, 6, 9, 7, 6, 5, 4, 3, 0]"
10070_at,10110_at,8,24,132,182.6999941840768,464.7999885492027,0.39307228632759866,"[2, 3, 5, 9, 7, 4, 3, 0]"
10033_at,10038_i_at,8,4,132,172.8000061120838,464.39998550340533,0.3720930480322263,"[7, 9, 7, 6, 4, 2, 1, 0]"
10150_at,10187_at,8,12,132,174.60001981817186,467.999983811751,0.37307697832827963,"[4, 6, 7, 9, 8, 6, 5, 0]"
10019_at,10097_at,8,8,132,171.79999849759042,462.09999709390104,0.3717809988704237,"[0, 1, 2, 9, 8, 6, 2, 1]"
10012_at,10072_at,8,3,132,175.0999945215881,489.5000020042062,0.35771193831391135,"[8, 9, 6, 5, 4, 3, 2, 1]"
10020_at,10181_at,9,26,132,170.30001617968082,465.29999235644937,0.3660004706151385,"[0, 3, 4, 5, 7, 9, 5, 3, 1]"
10002_i_at,10099_at,8,15,132,173.80001372657716,473.7999988719821,0.36682147349168076,"[0, 3, 6, 7, 3, 2, 1, 0]"
10054_at,10167_at,9,8,132,175.19999528303742,458.5999995470047,0.38203226222437037,"[0, 1, 2, 4, 6, 9, 7, 3, 2]"
10053_at,10124_at,8,14,132,171.39999545179307,455.5999767035246,0.37620720855156947,"[0, 2, 5, 7, 6, 3, 2, 1]"
10027_at,10109_at,9,15,132,173.00000763498247,472.6000188384205,0.3660600946656548,"[5, 9, 8, 7, 6, 5, 3, 2, 0]"
10033_at,10171_at,8,2,132,168.69997489266098,456.3999827951193,0.36963186076278054,"[4, 7, 9, 8, 6, 5, 4, 2]"
10023_at,10060_at,8,3,132,169.30000856518745,456.9999873638153,0.37045954758508254,"[3, 7, 9, 8, 6, 5, 4, 1]"
10048_at,10103_at,9,6,132,177.20001051202416,474.39997433684766,0.37352449430404755,"[3, 4, 6, 9, 8, 7, 6, 2, 0]"
10041_at,10053_at,8,8,132,174.7000205796212,465.8999969251454,0.37497321685470986,"[3, 4, 9, 8, 6, 4, 2, 1]"
10023_at,10026_at,9,27,132,178.69999282993376,461.3999917637557,0.38729951456399475,"[0, 5, 6, 7, 9, 8, 6, 3, 1]"
10128_at,10158_at,8,13,132,175.59999832883477,460.99998871795833,0.38091106860366447,"[7, 9, 7, 5, 4, 3, 1, 0]"
10040_at,10107_at,6,7,132,170.3999878372997,453.69999133981764,0.3755785565128466,"[7, 9, 5, 4, 3, 1]"
10123_at,10136_at,7,14,132,172.3000023048371,463.6000085156411,0.37165659866251705,"[0, 5, 8, 5, 3, 2, 1]"
10089_at,10146_at,9,13,132,170.8999916445464,455.10000200010836,0.37552184331676997,"[6, 8, 9, 7, 6, 5, 3, 1, 0]"
10005_at,10007_at,8,3,132,172.90000687353313,458.7999719660729,0.3768526971189934,"[5, 7, 9, 8, 7, 6, 4, 3]"
10022_at,10160_at,9,19,132,171.39999545179307,464.299984741956,0.3691578744010772,"[0, 1, 3, 5, 6, 9, 7, 1, 0]"
10100_at,10131_at,9,23,132,174.30001753382385,460.19998262636364,0.378748422672884,"[0, 1, 2, 3, 5, 7, 8, 2, 1]"
10072_at,10155_at,8,19,132,171.6000260785222,458.5999995470047,0.37418235117319026,"[0, 2, 4, 5, 9, 7, 6, 5]"
10161_g_at,10171_at,8,15,132,171.59999697469175,465.0999908335507,0.368952914118856,"[0, 1, 5, 7, 5, 4, 1, 0]"
10033_at,10087_at,8,12,132,173.19998005405068,521.6000135987997,0.33205516782687683,"[5, 7, 9, 7, 6, 4, 3, 0]"
10109_at,10167_at,9,8,132,193.9999929163605,496.69999862089753,0.3905778003926058,"[2, 4, 6, 9, 8, 7, 5, 3, 2]"
10110_at,10179_at,9,13,132,185.10001245886087,473.1999943032861,0.3911665568200018,"[5, 7, 8, 9, 6, 4, 3, 2, 0]"
10101_at,10186_s_at,9,13,132,182.00001795776188,483.5000145249069,0.37642194930769,"[6, 7, 8, 9, 8, 7, 5, 3, 2]"
10040_at,10131_at,8,19,132,187.70000315271318,498.3999824617058,0.37660515601469746,"[0, 1, 2, 4, 9, 8, 3, 1]"
10007_at,10068_i_at,9,8,132,187.70000315271318,476.9999941345304,0.39350105966620896,"[0, 1, 6, 9, 7, 5, 2, 1, 0]"
10033_at,10085_at,9,20,132,173.59998309984803,457.89999421685934,0.3791220469368075,"[0, 1, 2, 3, 5, 7, 8, 4, 2]"
10002_i_at,10167_at,10,19,132,171.09999316744506,456.0000088531524,0.3752192759771308,"[0, 1, 2, 4, 6, 7, 8, 9, 8, 7]"
10020_at,10056_at,9,13,132,180.60000729747117,508.5000011604279,0.3551622554283795,"[1, 3, 9, 7, 5, 4, 2, 1, 0]"
10114_at,10180_at,11,10,132,193.10001516714692,495.4000178258866,0.38978604808006667,"[0, 1, 3, 4, 5, 6, 7, 5, 3, 2, 1]"
10040_at,10128_at,9,26,132,187.70000315271318,471.79998364299536,0.39783808745263377,"[0, 3, 4, 6, 8, 5, 4, 1, 0]"
10136_at,10158_at,8,1,132,172.70000535063446,465.19999159500003,0.371238195337256,"[9, 8, 7, 6, 4, 3, 2, 1]"
10144_at,10154_at,8,2,132,171.59999697469175,457.20001799054444,0.3753280626035336,"[7, 9, 8, 6, 5, 4, 2, 1]"
10023_at,10027_at,10,25,132,173.69998386129737,464.9000184144825,0.37362868784925457,"[0, 1, 4, 7, 9, 8, 7, 4, 3, 1]"
10053_at,10159_at,9,20,132,172.999978531152,453.5000189207494,0.3814773347592391,"[0, 4, 5, 7, 9, 7, 6, 4, 3]"
10040_at,10161_g_at,8,19,132,174.19998766854405,461.89999557100236,0.37713788555723504,"[0, 3, 4, 6, 5, 4, 2, 1]"
10039_s_at,10086_at,7,1,132,172.50000382773578,449.8000198509544,0.3835037710422852,"[7, 9, 4, 3, 2, 1, 0]"
10001_at,10066_s_at,9,27,132,184.70000941306353,484.39999227412045,0.38129647472938516,"[0, 3, 4, 5, 6, 7, 8, 6, 2]"
10018_at,10041_at,8,10,132,188.50000924430788,488.59999515116215,0.38579617502040725,"[3, 4, 9, 8, 7, 6, 4, 3]"
10076_at,10131_at,8,7,132,179.29999739862978,460.599985672161,0.3892748653410712,"[0, 1, 6, 9, 4, 3, 2, 1]"
10107_at,10110_at,7,12,132,172.3000023048371,452.70001282915473,0.3806052516500849,"[6, 7, 9, 6, 4, 3, 2]"
10056_at,10179_at,8,1,132,176.10000213608146,455.7000065688044,0.3864384454633375,"[5, 9, 7, 5, 4, 2, 1, 0]"
10052_at,10078_at,8,14,132,172.89997776970267,646.7999774031341,0.2673159922854148,"[1, 2, 9, 7, 6, 4, 3, 0]"
10041_at,10043_at,7,1,132,192.0999784488231,501.4999769628048,0.3830508220802386,"[9, 8, 7, 6, 5, 3, 2]"
10002_i_at,10041_at,7,20,132,186.3999932538718,492.79999802820385,0.37824674107081424,"[1, 6, 9, 6, 4, 2, 1]"
10007_at,10088_at,9,12,132,185.49998640082777,508.60000192187726,0.3647266726304913,"[4, 6, 9, 7, 5, 4, 3, 2, 1]"
10005_at,10010_at,8,10,132,189.1000138130039,496.69999862089753,0.3807127327119907,"[2, 4, 9, 6, 5, 3, 2, 0]"
10111_at,10173_at,7,18,132,190.79999765381217,503.3000197727233,0.3790979339519444,"[1, 3, 7, 8, 7, 6, 5]"
10026_at,10103_at,9,6,132,185.79998868517578,501.00000225938857,0.3708582591761734,"[4, 9, 8, 7, 6, 4, 3, 2, 0]"
10077_at,10078_at,10,14,132,184.4999787863344,487.6999882981181,0.3783063014419316,"[0, 1, 2, 8, 9, 8, 5, 2, 1, 0]"
10048_at,10137_at,10,25,132,187.60000239126384,492.3000233247876,0.3810684409972037,"[1, 2, 3, 4, 7, 8, 7, 6, 5, 3]"
10087_at,10177_at,9,19,132,186.6999955382198,491.2999866064638,0.38001221377554883,"[0, 1, 2, 3, 8, 9, 8, 6, 5]"
10154_at,10162_at,9,25,132,185.8999894466251,484.6000229008496,0.3836153129622545,"[0, 1, 3, 8, 7, 5, 4, 1, 0]"
10001_at,10143_at,9,13,132,185.2000132203102,493.5000033583492,0.3752786463221752,"[5, 9, 8, 7, 6, 4, 3, 2, 0]"
10067_at,10180_at,9,19,132,185.69998792372644,494.7999841533601,0.3753031404022234,"[0, 1, 4, 5, 6, 7, 9, 8, 7]"
10109_at,10158_at,9,16,132,185.40001474320889,497.5999763701111,0.37258847175931087,"[0, 4, 7, 9, 8, 7, 6, 5, 3]"
10161_g_at,10170_g_at,10,15,132,184.29997726343572,490.6000103801489,0.375662399845096,"[1, 3, 5, 7, 8, 7, 5, 4, 2, 1]"
10086_at,10128_at,8,24,132,184.80001017451286,486.30000674165785,0.3800123537170463,"[0, 3, 8, 9, 5, 4, 1, 0]"
10039_s_at,10180_at,9,10,132,182.59999342262745,485.0999976042658,0.37641722186028254,"[1, 4, 5, 6, 7, 6, 2, 1, 0]"
10018_at,10076_at,9,15,132,182.79999494552612,484.1999907512218,0.3775299430756234,"[0, 1, 4, 9, 8, 7, 6, 3, 2]"
10023_at,10186_s_at,9,13,132,183.8000025600195,480.60002154670656,0.38243860657454654,"[5, 7, 9, 8, 7, 5, 4, 3, 1]"
10078_at,10079_at,10,4,132,190.10002142749727,499.40001918002963,0.3806568164326957,"[1, 7, 9, 8, 7, 6, 3, 2, 1, 0]"
10049_at,10147_at,9,10,132,184.80001017451286,485.3999998886138,0.3807169555354748,"[2, 3, 5, 9, 6, 5, 4, 3, 0]"
10068_i_at,10123_at,9,22,132,188.3000077214092,482.79998009093106,0.3900166020842515,"[0, 3, 4, 6, 7, 8, 5, 3, 1]"
10058_at,10179_at,10,13,132,182.09998961538076,489.8000042885542,0.3717843773396556,"[5, 7, 8, 9, 7, 6, 4, 3, 2, 0]"
10128_at,10167_at,9,19,132,186.49999401532114,475.7999849971384,0.3919714163430308,"[0, 2, 4, 5, 8, 9, 8, 5, 4]"
10087_at,10182_at,10,18,132,188.20000695995986,493.40000259689987,0.3814349533226824,"[0, 1, 2, 3, 7, 9, 6, 4, 1, 0]"
10077_at,10170_g_at,8,16,132,182.9999964684248,490.4999805148691,0.3730886926363034,"[2, 3, 5, 8, 9, 8, 5, 1]"
10052_at,10109_at,10,16,132,181.0000103432685,493.5999750159681,0.3666937186076906,"[0, 2, 3, 4, 8, 7, 6, 5, 3, 0]"
10023_at,10058_at,9,4,132,183.2999987527728,503.9999959990382,0.36369047660294546,"[5, 7, 9, 8, 7, 6, 4, 3, 1]"
10001_at,10171_at,8,16,132,182.9999964684248,490.20000733435154,0.37331700067398343,"[0, 1, 6, 7, 8, 6, 3, 2]"
10020_at,10162_at,8,13,132,185.49998640082777,489.90000505000353,0.37864867215482884,"[0, 1, 5, 9, 8, 5, 2, 0]"
10128_at,10134_at,9,6,132,185.10001245886087,491.49998812936246,0.3766022724910884,"[0, 1, 5, 6, 9, 8, 5, 1, 0]"
10131_at,10180_at,10,19,132,181.99998885393143,483.6000152863562,0.3763440510773412,"[0, 1, 3, 5, 6, 8, 9, 8, 7, 5]"
10121_at,10136_at,10,13,132,186.10002007335424,489.6000027656555,0.38010624800267834,"[1, 5, 7, 9, 8, 5, 3, 2, 1, 0]"
10130_at,10144_at,9,14,132,184.50000789016485,489.70000352710485,0.3767612958163942,"[0, 1, 5, 8, 7, 6, 3, 2, 0]"
10060_at,10154_at,10,13,132,182.39999189972878,480.49999168142676,0.37960456827782973,"[3, 8, 9, 7, 6, 5, 4, 2, 1, 0]"
10085_at,10155_at,9,8,132,184.99998259358108,491.99999193660915,0.3760162309462336,"[0, 3, 5, 8, 9, 8, 5, 1, 0]"
10038_i_at,10121_at,9,8,132,190.5999961309135,499.59999159909785,0.38150520283407,"[0, 4, 7, 5, 4, 3, 2, 1, 0]"
10136_at,10186_s_at,10,13,132,184.69998030923307,497.2000024281442,0.3714802482043955,"[6, 8, 9, 8, 7, 6, 5, 4, 3, 2]"
10022_at,10070_at,8,11,132,185.99999020807445,490.9000126644969,0.37889587575789124,"[4, 6, 7, 8, 9, 7, 1, 0]"
10010_at,10134_at,9,5,132,184.1000048443675,502.1000106353313,0.3666600297646218,"[0, 1, 5, 6, 7, 5, 3, 1, 0]"
10107_at,10158_at,7,16,132,182.70002328790724,476.9999941345304,0.38301892145596034,"[0, 7, 9, 6, 4, 3, 2]"
10111_at,10158_at,9,3,132,174.99999376013875,458.9000018313527,0.38134668350786327,"[5, 9, 8, 7, 6, 4, 3, 2, 1]"
10066_s_at,10188_at,9,12,132,174.19998766854405,452.4999822024256,0.384972363580372,"[2, 3, 4, 5, 6, 8, 9, 8, 7]"
10078_at,10166_at,9,19,132,175.19999528303742,472.40001731552184,0.37087211867314385,"[0, 1, 2, 8, 9, 7, 5, 2, 1]"
10003_f_at,10111_at,10,26,132,170.99999240599573,461.799994809553,0.3702901566218431,"[0, 1, 2, 3, 7, 8, 7, 6, 5, 0]"
10114_at,10170_g_at,9,16,132,174.8999929986894,465.5000229831785,0.375724993261729,"[1, 3, 5, 9, 7, 5, 4, 3, 1]"
10056_at,10166_at,10,19,132,180.19997514784336,483.3000130020082,0.3728532387750931,"[1, 4, 5, 6, 9, 8, 7, 5, 1, 0]"
10023_at,10177_at,8,8,132,170.8999916445464,469.7999975178391,0.36377180193164443,"[0, 3, 7, 9, 8, 7, 6, 5]"
10077_at,10125_at,9,26,132,182.1999903768301,490.00000581145287,0.3718367106447318,"[0, 1, 2, 3, 5, 8, 5, 2, 1]"
10037_at,10162_at,8,1,132,183.39999951422215,472.59998973459005,0.38806602517536815,"[8, 9, 7, 5, 3, 2, 1, 0]"
10027_at,10150_at,9,24,132,174.7000205796212,451.600004453212,0.3868468088062674,"[0, 1, 2, 5, 7, 9, 8, 7, 4]"
10007_at,10170_g_at,9,2,132,172.0000000204891,465.79999616369605,0.3692571950130355,"[7, 8, 9, 8, 7, 5, 4, 3, 1]"
10101_at,10141_at,10,21,132,171.4999962132424,455.8000073302537,0.37626150385070234,"[5, 6, 7, 9, 8, 7, 5, 3, 1, 0]"
10150_at,10182_at,9,18,132,173.80001372657716,461.20001934468746,0.37684303216970183,"[0, 1, 2, 3, 7, 9, 6, 4, 3]"
10008_at,10154_at,10,13,132,169.99998479150236,459.4000056385994,0.37004785090324505,"[0, 3, 8, 9, 7, 6, 5, 4, 2, 0]"
10019_at,10079_at,8,13,132,174.49998995289207,464.9000184144825,0.3753495010561954,"[4, 5, 8, 7, 6, 2, 1, 0]"
10155_at,10182_at,8,29,132,173.39998157694936,462.39999937824905,0.3749999606619938,"[0, 3, 5, 8, 9, 8, 1, 0]"
10076_at,10078_at,9,14,132,183.39999951422215,479.20001088641584,0.38272119229499185,"[1, 4, 9, 7, 4, 3, 2, 1, 0]"
10067_at,10160_at,10,8,132,185.5999871622771,486.4000075031072,0.3815789150889178,"[0, 2, 3, 5, 9, 6, 5, 4, 1, 0]"
10040_at,10103_at,8,6,132,185.2000132203102,472.9999927803874,0.3915433743067689,"[7, 9, 7, 6, 3, 2, 1, 0]"
10054_at,10075_at,10,30,132,174.80002134107053,460.0999818649143,0.3799174706170537,"[0, 1, 2, 3, 4, 5, 6, 7, 3, 2]"
10124_at,10186_s_at,10,13,132,171.59999697469175,454.89997137337923,0.3772257809922865,"[6, 7, 8, 9, 8, 7, 5, 4, 3, 1]"
10026_at,10075_at,9,26,132,170.29998707585037,456.40001189894974,0.3731375605519397,"[0, 1, 2, 3, 7, 8, 6, 3, 1]"
10125_at,10134_at,10,20,132,171.09999316744506,461.09998947940767,0.3710691760384138,"[0, 1, 2, 3, 4, 5, 8, 6, 5, 4]"
10022_at,10040_at,8,15,132,169.4000093266368,453.69999133981764,0.3733745042101126,"[1, 3, 4, 5, 8, 5, 2, 1]"
10033_at,10186_s_at,8,1,132,169.80001237243414,455.4000042844564,0.3728590486933154,"[7, 9, 7, 6, 4, 3, 2, 1]"
10012_at,10066_s_at,9,29,132,186.6999955382198,463.9000107999891,0.4024574071819017,"[0, 2, 3, 4, 5, 6, 7, 9, 2]"
10058_at,10076_at,8,15,132,181.8999880924821,472.09998592734337,0.3852997108974214,"[5, 7, 9, 8, 7, 6, 3, 2]"
10123_at,10143_at,8,12,132,175.29999604448676,458.8000010699034,0.38208368708738916,"[0, 2, 8, 7, 4, 3, 2, 1]"
10076_at,10147_at,7,11,132,171.89999925903976,456.10000961460173,0.37689102309884387,"[2, 5, 7, 6, 4, 3, 0]"
10001_at,10079_at,10,13,132,174.09998690709472,481.3999985344708,0.3616534844975248,"[1, 3, 4, 6, 8, 7, 6, 3, 2, 0]"
10001_at,10037_at,7,0,132,185.09998335503042,492.29999422095716,0.3759902204507293,"[9, 6, 5, 4, 2, 1, 0]"
10038_i_at,10089_at,9,26,132,184.50000789016485,490.59998127631843,0.3760701486579343,"[0, 1, 3, 4, 7, 8, 7, 5, 3]"
10019_at,10138_g_at,8,1,132,188.50000924430788,474.39997433684766,0.3973440544717725,"[9, 6, 5, 4, 3, 2, 1, 0]"
10039_s_at,10080_at,8,0,132,173.89998538419604,451.70000521466136,0.38499000083374707,"[8, 7, 5, 4, 3, 2, 1, 0]"
10162_at,10166_at,9,8,132,179.5999996829778,470.30000132508576,0.38188390214107776,"[0, 1, 5, 9, 8, 7, 5, 2, 1]"
10001_at,10085_at,9,20,132,182.4999926611781,487.5999875366688,0.3742821930393377,"[0, 4, 5, 6, 7, 8, 6, 4, 3]"
10049_at,10173_at,8,19,132,177.89998673833907,471.5000104624778,0.3773064322179828,"[1, 3, 5, 8, 9, 6, 5, 4]"
10072_at,10097_at,8,8,132,184.4999787863344,463.6000085156411,0.3979723369226592,"[3, 9, 8, 6, 5, 4, 3, 2]"
10019_at,10088_at,7,0,132,174.5999907143414,459.1000033542514,0.38030927780154317,"[9, 6, 5, 4, 3, 2, 1]"
10019_at,10058_at,9,18,132,170.49998859874904,463.70000927709043,0.36769459820490186,"[2, 4, 5, 8, 9, 7, 6, 2, 0]"
10129_at,10159_at,9,20,132,184.20000560581684,462.6000009011477,0.39818418773669273,"[0, 5, 6, 8, 9, 7, 6, 4, 2]"
10005_at,10146_at,8,26,132,173.50001144222915,464.69998778775334,0.37335919087967223,"[0, 3, 4, 6, 8, 7, 4, 2]"
10052_at,10089_at,8,26,132,171.09999316744506,452.80001359060407,0.37787099830377635,"[0, 2, 3, 4, 8, 7, 5, 0]"
10070_at,10170_g_at,10,16,132,176.00000137463212,476.49999032728374,0.36935992643724214,"[2, 3, 5, 7, 8, 9, 7, 5, 4, 1]"
10018_at,10188_at,10,12,132,184.4999787863344,487.70001740194857,0.3783062788662456,"[2, 3, 4, 5, 6, 8, 9, 7, 3, 2]"
10005_at,10089_at,9,26,132,182.79999494552612,467.29997848160565,0.3911834011623471,"[0, 3, 4, 5, 7, 8, 7, 4, 2]"
10107_at,10147_at,7,8,132,171.59999697469175,456.6999850794673,0.37573900280472483,"[0, 7, 9, 5, 4, 3, 0]"
10106_at,10188_at,8,10,132,173.40001068077981,459.9000094458461,0.377038502107702,"[2, 4, 5, 6, 8, 5, 3, 1]"
10022_at,10146_at,8,26,132,173.4999823383987,469.7999975178391,0.3693060520542268,"[0, 3, 5, 6, 8, 7, 1, 0]"
10110_at,10177_at,8,19,132,186.29999249242246,469.3999944720417,0.39688963503709374,"[0, 1, 3, 8, 9, 4, 3, 2]"
10150_at,10167_at,9,8,132,172.0000000204891,465.3000214602798,0.36965396967034486,"[0, 1, 2, 6, 9, 8, 6, 5, 4]"
10037_at,10107_at,7,7,132,170.79999088309705,456.6999850794673,0.3739872924527845,"[6, 7, 9, 5, 4, 3, 1]"
10018_at,10107_at,7,18,132,169.00000628083944,458.8000010699034,0.3683522360216612,"[0, 2, 4, 9, 6, 3, 2]"
10039_s_at,10052_at,7,10,132,172.70000535063446,476.49999032728374,0.3624344362148162,"[5, 9, 7, 6, 4, 3, 0]"
10138_g_at,10186_s_at,8,13,132,189.89999080076814,473.09999354183674,0.40139503993456527,"[5, 6, 9, 8, 7, 6, 5, 3]"
10022_at,10038_i_at,8,29,132,178.00001660361886,470.50000284798443,0.37832096817463684,"[0, 1, 5, 7, 8, 9, 7, 3]"
10087_at,10106_at,7,12,132,170.99999240599573,449.5999892242253,0.3803380705169775,"[2, 4, 6, 7, 5, 3, 1]"
10087_at,10141_at,9,24,132,168.70000399649143,455.000001238659,0.3707692385433731,"[3, 4, 6, 7, 9, 5, 3, 1, 0]"
10129_at,10136_at,10,2,132,174.19998766854405,458.399998024106,0.3800174267439315,"[6, 8, 9, 8, 7, 5, 3, 2, 1, 0]"
10147_at,10179_at,9,26,132,171.59999697469175,454.49999743141234,0.3775577512529855,"[0, 2, 3, 7, 9, 6, 4, 2, 0]"
10022_at,10162_at,9,25,132,172.3000023048371,453.2000166364014,0.3801853397615207,"[1, 3, 6, 7, 8, 5, 2, 1, 0]"
10085_at,10166_at,11,19,132,171.59999697469175,464.899989310652,0.3691116388906313,"[0, 1, 2, 5, 6, 8, 9, 8, 5, 1, 0]"
10080_at,10100_at,9,18,132,172.10000078193843,484.69999455846846,0.35506499425218857,"[0, 1, 3, 7, 9, 7, 5, 2, 1]"
10002_i_at,10136_at,8,13,132,177.40001203492284,479.59998482838273,0.36989161310837537,"[1, 6, 7, 9, 4, 2, 1, 0]"
10087_at,10162_at,9,25,132,172.50000382773578,463.00000394694507,0.37257019947564074,"[0, 1, 2, 3, 8, 7, 4, 1, 0]"
10012_at,10089_at,8,26,132,171.89999925903976,461.9999963324517,0.3720779234278215,"[1, 3, 6, 7, 8, 7, 4, 3]"
10045_at,10138_g_at,9,25,132,178.00001660361886,454.699998954311,0.39146693866938975,"[0, 3, 5, 6, 8, 7, 6, 5, 3]"
10159_at,10179_at,9,13,132,169.99998479150236,460.60001477599144,0.3690837588752147,"[0, 1, 5, 9, 7, 6, 4, 3, 2]"
10088_at,10123_at,8,4,132,172.70000535063446,455.60000580735505,0.37906058636807516,"[0, 3, 8, 5, 4, 3, 2, 1]"
10123_at,10134_at,7,2,132,170.49998859874904,459.9000094458461,0.3707327355878771,"[0, 8, 7, 6, 5, 3, 1]"
10138_g_at,10171_at,9,16,132,173.00000763498247,464.39998550340533,0.372523714546313,"[0, 1, 5, 6, 7, 8, 6, 5, 3]"
10179_at,10186_s_at,9,13,132,169.69998250715435,453.69999133981764,0.37403567499751267,"[5, 7, 8, 9, 7, 6, 4, 3, 2]"
10179_at,10187_at,9,12,132,180.60000729747117,465.49999387934804,0.3879699455899037,"[5, 9, 8, 7, 5, 4, 3, 2, 0]"
10106_at,10146_at,7,1,132,173.50001144222915,463.999982457608,0.37392245258992113,"[6, 9, 7, 6, 5, 3, 1]"
10086_at,10143_at,10,25,132,172.10000078193843,459.2999757733196,0.3747006528623806,"[0, 1, 2, 3, 7, 9, 8, 4, 1, 0]"
10048_at,10181_at,9,26,132,172.70000535063446,460.0000102072954,0.37543478590969714,"[2, 7, 8, 9, 7, 6, 5, 3, 0]"
10072_at,10186_s_at,10,13,132,173.80001372657716,451.40000293031335,0.3850243965403966,"[3, 8, 9, 8, 7, 6, 5, 4, 3, 2]"
10097_at,10179_at,9,26,132,169.99998479150236,461.40002086758614,0.3684438168681605,"[0, 1, 2, 3, 9, 6, 4, 3, 1]"
10040_at,10077_at,7,0,132,173.69998386129737,470.10002890601754,0.36949579489607626,"[7, 6, 5, 3, 2, 1, 0]"
10111_at,10134_at,8,5,132,175.30002514831722,456.6999850794673,0.38384066318244886,"[0, 5, 7, 6, 4, 3, 1, 0]"
10166_at,10170_g_at,8,2,132,174.00001524947584,459.1000033542514,0.379002426439134,"[7, 8, 9, 8, 7, 5, 2, 1]"
10148_at,10170_g_at,9,16,132,171.1999939288944,472.89999201893806,0.3620215623138315,"[2, 6, 8, 9, 7, 5, 4, 3, 0]"
10072_at,10171_at,8,6,132,173.00000763498247,457.39999040961266,0.37822477320136544,"[8, 9, 8, 7, 6, 5, 3, 2]"
10068_i_at,10134_at,10,16,132,172.0000000204891,459.99998110346496,0.37391305888293547,"[0, 1, 3, 4, 7, 9, 8, 5, 3, 0]"
10052_at,10177_at,8,28,132,172.90000687353313,452.1000082604587,0.3824375220403092,"[0, 2, 3, 4, 6, 8, 6, 5]"
10097_at,10167_at,11,19,132,169.99998479150236,448.00000614486635,0.37946424656193145,"[0, 1, 2, 4, 6, 7, 8, 9, 8, 3, 2]"
10054_at,10125_at,10,27,132,172.40000306628644,456.20001037605107,0.37790442600861646,"[0, 1, 2, 3, 4, 5, 6, 5, 2, 1]"
10043_at,10188_at,8,23,132,172.0000000204891,555.7000113185495,0.3095195186560682,"[1, 2, 5, 9, 8, 3, 1, 0]"
10020_at,10058_at,8,4,132,192.29997997172177,492.79999802820385,0.390219116763706,"[1, 5, 7, 9, 8, 5, 2, 0]"
10147_at,10180_at,8,10,132,177.10000975057483,470.30000132508576,0.3765681676623213,"[0, 3, 5, 7, 6, 5, 3, 0]"
10125_at,10129_at,8,2,132,178.1000173650682,469.0999921876937,0.37966322816268094,"[9, 7, 6, 5, 4, 2, 1, 0]"
10085_at,10178_at,9,10,132,284.6999850589782,762.3000128660351,0.37347498393524325,"[0, 5, 9, 8, 7, 6, 5, 4, 3]"
10012_at,10125_at,8,14,132,174.30001753382385,463.1999763660133,0.3762953938410712,"[5, 7, 9, 6, 5, 4, 2, 1]"
10037_at,10040_at,8,1,132,170.90002074837685,452.80001359060407,0.37742936311590947,"[7, 9, 7, 5, 4, 2, 1, 0]"
10166_at,10167_at,10,8,132,176.00000137463212,450.59999683871865,0.39059032980336894,"[0, 1, 2, 4, 5, 9, 8, 7, 5, 2]"
10038_i_at,10101_at,10,21,132,173.40001068077981,490.00000581145287,0.35387756862089187,"[0, 1, 5, 6, 7, 8, 9, 7, 5, 3]"
10111_at,10171_at,8,2,132,172.999978531152,459.60000716149807,0.3764142207037909,"[4, 9, 8, 5, 4, 3, 1, 0]"
10001_at,10111_at,9,2,132,173.20000915788114,454.49999743141234,0.38107813011378155,"[5, 9, 8, 7, 6, 4, 3, 2, 1]"
10018_at,10147_at,10,34,132,173.69998386129737,467.6000098697841,0.3714713006735582,"[0, 2, 3, 4, 5, 6, 7, 8, 9, 8]"
10072_at,10181_at,9,26,132,182.6999941840768,474.3000026792288,0.3851992265486821,"[0, 2, 4, 5, 9, 7, 5, 3, 1]"
10043_at,10080_at,9,12,132,190.40002371184528,461.6999940481037,0.41238905385822433,"[0, 1, 2, 9, 8, 4, 3, 1, 0]"
10150_at,10171_at,9,26,132,174.99999376013875,507.00001884251833,0.34516762772448006,"[0, 1, 5, 6, 7, 9, 6, 5, 3]"
10170_g_at,10173_at,10,19,132,181.49998504668474,467.0000053010881,0.3886509271657643,"[1, 3, 5, 7, 8, 9, 7, 5, 3, 1]"
10043_at,10160_at,9,8,132,176.00000137463212,464.00001156143844,0.37931033833892025,"[0, 2, 5, 9, 5, 4, 3, 1, 0]"
10069_f_at,10103_at,9,6,132,174.7000205796212,474.50000420212746,0.3681770685616317,"[3, 5, 9, 8, 6, 4, 2, 1, 0]"
10097_at,10124_at,8,4,132,172.0000000204891,456.89998660236597,0.37645000014013663,"[5, 6, 9, 7, 6, 4, 3, 1]"
10005_at,10043_at,8,25,132,175.0999945215881,473.7999988719821,0.3695652067084514,"[1, 2, 3, 4, 9, 6, 3, 2]"
10045_at,10125_at,10,12,132,172.8000061120838,461.9999963324517,0.3740259902247666,"[0, 1, 4, 9, 7, 6, 5, 3, 2, 1]"
10103_at,10128_at,9,24,132,186.10002007335424,476.49999032728374,0.3905561885647291,"[3, 4, 5, 9, 8, 5, 4, 1, 0]"
10049_at,10078_at,9,14,132,181.70001567341387,466.8000037781894,0.3892459601601733,"[1, 5, 8, 9, 6, 4, 3, 1, 0]"
10040_at,10072_at,8,16,132,171.39999545179307,458.49999878555536,0.3738276900889555,"[0, 2, 4, 5, 9, 7, 6, 1]"
10038_i_at,10151_at,9,13,132,171.89999925903976,460.6999864336103,0.3731278583048354,"[0, 1, 5, 6, 8, 9, 7, 5, 3]"
10012_at,10180_at,8,10,132,173.30000991933048,462.1999978553504,0.37494593406200377,"[1, 5, 7, 5, 3, 2, 1, 0]"
10089_at,10155_at,7,8,132,170.0000138953328,462.30002772063017,0.3677265924761409,"[8, 9, 6, 4, 2, 1, 0]"
10048_at,10129_at,8,2,132,174.39998919144273,467.89998305030167,0.3727292060463568,"[7, 9, 8, 7, 6, 5, 3, 0]"
10123_at,10186_s_at,8,24,132,172.10000078193843,459.50000640004873,0.3745375372902719,"[0, 3, 5, 8, 7, 4, 3, 1]"
10002_i_at,10007_at,8,14,132,171.69999773614109,461.799994809553,0.371805975889953,"[5, 6, 9, 7, 4, 2, 1, 0]"
10048_at,10179_at,8,25,132,176.40000442042947,466.09999844804406,0.3784595687787643,"[1, 2, 7, 6, 4, 3, 2, 0]"
10101_at,10130_at,11,20,132,181.8999880924821,469.99999904073775,0.3870212520505042,"[0, 1, 5, 6, 7, 9, 8, 7, 5, 3, 0]"
10040_at,10100_at,8,7,132,171.1999939288944,457.69999269396067,0.3740441264183428,"[7, 9, 6, 5, 3, 2, 1, 0]"
10066_s_at,10144_at,7,13,132,171.39999545179307,452.3000097833574,0.37895200474103513,"[0, 1, 9, 7, 6, 3, 2]"
10052_at,10150_at,8,24,132,174.19998766854405,453.5999905783683,0.38403878149650794,"[0, 2, 6, 9, 8, 6, 5, 0]"
10067_at,10158_at,9,3,132,173.39998157694936,457.9000233206898,0.37868524294769224,"[3, 5, 9, 8, 7, 5, 4, 1, 0]"
10124_at,10166_at,9,19,132,193.09998606331646,462.70000166259706,0.41733301354972946,"[5, 6, 8, 9, 8, 7, 5, 2, 1]"
10018_at,10086_at,8,20,132,174.5999907143414,462.90000318549573,0.3771872748170511,"[0, 2, 3, 7, 9, 8, 6, 3]"
10114_at,10151_at,10,13,132,175.90000061318278,456.79998584091663,0.3850700658174736,"[0, 1, 3, 5, 9, 7, 5, 4, 3, 2]"
10023_at,10078_at,9,2,132,409.70000554807484,534.099992364645,0.767084836931361,"[1, 7, 9, 8, 7, 6, 4, 2, 1]"
10103_at,10154_at,9,2,132,185.09998335503042,486.2000059802085,0.3807074888488693,"[7, 9, 8, 7, 5, 4, 2, 1, 0]"
10076_at,10150_at,8,24,132,176.70000670477748,460.0000102072954,0.38413044083444475,"[2, 4, 7, 8, 9, 8, 6, 3]"
10147_at,10177_at,8,28,132,173.6000122036785,470.30000132508576,0.369126114638645,"[0, 2, 3, 4, 5, 6, 7, 8]"
10130_at,10173_at,9,7,132,177.09998064674437,473.7999988719821,0.3737863678100086,"[1, 5, 7, 9, 8, 7, 5, 2, 0]"
10159_at,10170_g_at,9,16,132,175.29999604448676,487.3000143561512,0.3597373094193383,"[2, 3, 5, 7, 8, 9, 7, 4, 3]"
10089_at,10179_at,8,13,132,173.70001296512783,462.8000024240464,0.3753241401368295,"[8, 9, 7, 6, 4, 3, 2, 0]"
10001_at,10154_at,9,13,132,169.19997869990766,452.1000082604587,0.37425342979076015,"[0, 3, 9, 6, 5, 4, 2, 1, 0]"
10037_at,10088_at,9,12,132,174.5999907143414,460.40001325309277,0.3792354163516491,"[6, 7, 9, 7, 5, 4, 3, 2, 1]"
10049_at,10128_at,8,18,132,180.39997667074203,494.1000079270452,0.36510822460334474,"[3, 5, 8, 6, 5, 4, 1, 0]"
10087_at,10129_at,9,2,132,183.50000027567148,491.4000164717436,0.37342286146671927,"[0, 7, 9, 8, 7, 6, 4, 1, 0]"
10121_at,10147_at,9,11,132,182.09998961538076,459.30000487715006,0.39647286671396276,"[0, 3, 5, 7, 6, 5, 4, 3, 0]"
10027_at,10181_at,9,26,132,178.39999054558575,454.2000242508948,0.39277846988189435,"[0, 2, 4, 5, 7, 9, 7, 3, 1]"
10054_at,10069_f_at,9,8,132,173.89998538419604,466.4000007323921,0.37285588574425244,"[0, 3, 9, 8, 6, 4, 2, 1, 0]"
10076_at,10111_at,8,15,132,170.2000154182315,449.40001680515707,0.37872721195741255,"[2, 5, 7, 6, 4, 3, 2, 1]"
10068_i_at,10101_at,11,21,132,171.39999545179307,463.89998169615865,0.3694761849851833,"[0, 1, 6, 7, 8, 9, 8, 5, 3, 1, 0]"
10078_at,10130_at,10,8,132,177.40001203492284,469.7999975178391,0.37760752016220833,"[0, 1, 2, 8, 7, 6, 4, 3, 2, 0]"
10045_at,10136_at,11,2,132,177.0000089891255,471.2999798357487,0.3755570052237457,"[6, 8, 9, 8, 7, 6, 5, 3, 2, 1, 0]"
10018_at,10039_s_at,9,25,132,176.90000822767615,485.70000217296183,0.36421660991609506,"[1, 4, 5, 6, 9, 8, 7, 3, 2]"
10060_at,10151_at,8,13,132,174.5999907143414,481.80000158026814,0.3623910131624459,"[3, 8, 9, 7, 5, 4, 3, 2]"
10099_at,10141_at,9,21,132,175.79999985173345,468.4000159613788,0.3753202260057753,"[4, 5, 7, 9, 8, 7, 3, 1, 0]"
10131_at,10147_at,9,20,132,174.90002210251987,467.699981527403,0.3739577271979693,"[0, 2, 3, 6, 9, 5, 4, 3, 0]"
10054_at,10106_at,8,8,132,173.9000144880265,457.89999421685934,0.3797772803763528,"[2, 5, 6, 9, 7, 4, 3, 1]"
10010_at,10033_at,7,2,132,174.10001601092517,1122.0999876968563,0.15515552795635498,"[7, 9, 4, 3, 2, 1, 0]"
10154_at,10167_at,8,19,132,186.6999955382198,480.5000207852572,0.3885535639168242,"[0, 1, 6, 7, 9, 6, 5, 4]"
10041_at,10131_at,8,7,132,176.00000137463212,493.5000033583492,0.3566362718883951,"[1, 3, 6, 9, 6, 3, 2, 1]"
10056_at,10066_s_at,8,27,132,184.1000048443675,477.59999870322645,0.38546902291506185,"[1, 4, 5, 6, 7, 8, 7, 5]"
10085_at,10143_at,10,25,132,176.49997607804835,515.200023073703,0.3425853419513507,"[0, 1, 2, 6, 7, 9, 8, 4, 1, 0]"
10012_at,10130_at,10,20,132,182.10001871921122,469.0999921876937,0.38819019772302693,"[1, 2, 3, 4, 9, 7, 5, 4, 3, 0]"
10048_at,10070_at,8,8,132,180.7000080589205,464.899989310652,0.38868576514028375,"[2, 7, 9, 8, 7, 6, 5, 3]"
10099_at,10121_at,10,9,132,175.6999990902841,461.199990240857,0.38096271207318666,"[4, 5, 7, 8, 6, 4, 3, 2, 1, 0]"
10012_at,10022_at,8,6,132,175.19999528303742,469.7999975178391,0.3729246407166803,"[1, 5, 7, 5, 3, 2, 1, 0]"
10107_at,10186_s_at,7,13,132,174.10001601092517,458.19999650120735,0.3799651185952517,"[6, 7, 9, 5, 4, 3, 2]"
10131_at,10162_at,9,25,132,172.8000061120838,462.39999937824905,0.3737024358659897,"[0, 1, 2, 3, 6, 8, 7, 4, 3]"
10018_at,10148_at,10,11,132,171.39999545179307,480.49999168142676,0.356711755294747,"[0, 1, 2, 6, 9, 8, 7, 6, 3, 2]"
10078_at,10136_at,9,2,132,192.60001135990024,577.0999996457249,0.33373767367550716,"[9, 8, 7, 5, 4, 3, 2, 1, 0]"
10077_at,10179_at,8,13,132,274.2999931797385,686.7000192869455,0.3994466076534638,"[0, 1, 5, 9, 5, 2, 1, 0]"
10089_at,10148_at,9,11,132,249.59997972473502,702.3999933153391,0.3553530496870012,"[6, 8, 9, 7, 6, 4, 3, 2, 0]"
10150_at,10186_s_at,8,13,132,234.90001331083477,629.9999949987978,0.3728571669453474,"[0, 1, 8, 9, 8, 6, 4, 0]"
10001_at,10162_at,8,25,132,231.80001880973577,603.7999992258847,0.383901985933952,"[0, 3, 6, 8, 5, 4, 1, 0]"
10001_at,10186_s_at,8,13,132,229.199999012053,601.5999824739993,0.3809840520099398,"[5, 9, 8, 7, 6, 4, 3, 2]"
10007_at,10187_at,10,12,132,238.09997946955264,641.3999944925308,0.3712191791612579,"[7, 8, 9, 8, 7, 5, 4, 3, 2, 0]"
10007_at,10018_at,9,20,132,232.89999808184803,624.4999822229147,0.37293835822514815,"[0, 2, 3, 5, 6, 9, 6, 4, 3]"
10010_at,10150_at,8,2,132,253.20000713691115,775.9000000078231,0.32633072191565693,"[2, 9, 8, 5, 3, 2, 1, 0]"
10101_at,10151_at,10,13,132,240.49999774433672,609.3000120017678,0.39471523552774684,"[0, 1, 5, 6, 8, 9, 8, 7, 3, 2]"
10005_at,10187_at,10,12,132,215.9999858122319,575.0999844167382,0.3755868399671361,"[3, 4, 6, 7, 9, 8, 7, 6, 2, 0]"
10022_at,10131_at,9,19,132,210.50000214017928,551.7000099644065,0.3815479397104958,"[0, 1, 2, 5, 6, 8, 9, 8, 4]"
10003_f_at,10146_at,7,3,132,202.89997337386012,546.4999994728714,0.37127168082263134,"[7, 9, 8, 7, 6, 5, 2]"
10099_at,10123_at,9,22,132,199.50000569224358,518.8999930396676,0.3844671581581476,"[0, 3, 4, 6, 7, 8, 7, 6, 5]"
10003_f_at,10143_at,9,25,132,196.10000890679657,520.1999738346785,0.37697043208448505,"[0, 1, 2, 3, 7, 9, 8, 6, 5]"
10010_at,10089_at,9,18,132,189.30001533590257,519.900000654161,0.3641085114401173,"[0, 1, 3, 4, 5, 7, 3, 1, 0]"
10056_at,10137_at,9,13,132,190.5999961309135,502.49998457729816,0.3793034865289514,"[1, 4, 5, 9, 7, 6, 5, 4, 3]"
10110_at,10180_at,9,8,132,187.1999993454665,488.59999515116215,0.38313549161528526,"[0, 1, 3, 6, 8, 7, 3, 2, 0]"
10026_at,10155_at,8,19,132,175.49999756738544,469.0999921876937,0.37412065762125474,"[0, 1, 2, 5, 9, 6, 2, 1]"
10114_at,10181_at,10,26,132,172.40000306628644,467.5000091083348,0.3687700528500649,"[0, 1, 3, 4, 5, 9, 6, 5, 3, 1]"
10038_i_at,10099_at,9,16,132,210.09999909438193,464.2000130843371,0.4526066203626116,"[0, 1, 3, 4, 7, 8, 7, 5, 3]"
10075_at,10151_at,8,2,132,173.39998157694936,459.30000487715006,0.37753098135352514,"[7, 9, 8, 6, 5, 4, 3, 2]"
10154_at,10155_at,9,8,132,172.20000154338777,455.10000200010836,0.3783783801067678,"[0, 3, 8, 9, 6, 4, 2, 1, 0]"
10075_at,10089_at,10,26,132,176.10000213608146,474.50000420212746,0.3711275038494339,"[0, 1, 3, 4, 7, 8, 7, 5, 3, 2]"
10056_at,10177_at,9,19,132,181.19998276233673,472.3999882116914,0.38357321609656264,"[0, 1, 3, 7, 8, 9, 5, 4, 1]"
10001_at,10106_at,7,8,132,176.00000137463212,446.999998530373,0.3937360222668394,"[5, 9, 6, 5, 4, 3, 1]"
10147_at,10170_g_at,9,16,132,176.60000594332814,457.79999345541,0.38575799141100053,"[2, 3, 7, 9, 7, 5, 4, 3, 0]"
10134_at,10177_at,9,8,132,175.79999985173345,459.9000094458461,0.38225700422046666,"[0, 1, 3, 7, 9, 8, 5, 4, 2]"
10033_at,10078_at,8,2,132,172.89997776970267,457.3000187519938,0.3780887178652644,"[7, 9, 7, 6, 4, 2, 1, 0]"
10066_s_at,10129_at,7,2,132,175.0999945215881,462.2999986167997,0.37875837128593287,"[0, 9, 7, 6, 5, 4, 2]"
10070_at,10076_at,8,15,132,178.30001888796687,782.8999951016158,0.22774303232027046,"[2, 5, 9, 7, 4, 3, 1, 0]"
10067_at,10089_at,7,16,132,344.3000023253262,499.40001918002963,0.6894272909533247,"[0, 3, 8, 5, 3, 1, 0]"
10005_at,10060_at,8,25,132,194.69999824650586,522.99999515526,0.3722753347037917,"[0, 3, 4, 9, 6, 5, 1, 0]"
10150_at,10179_at,9,26,132,174.60001981817186,464.49998626485467,0.37588810544897655,"[0, 1, 2, 3, 7, 9, 6, 4, 0]"
10026_at,10129_at,8,2,132,172.20000154338777,460.8000162988901,0.3736979067980179,"[9, 8, 7, 6, 4, 3, 1, 0]"
10008_at,10143_at,10,13,132,172.90000687353313,461.59999328665435,0.3745667447749765,"[1, 2, 8, 9, 7, 6, 4, 3, 1, 0]"
10038_i_at,10159_at,8,20,132,173.89998538419604,464.4000146072358,0.3744616277225382,"[2, 3, 4, 7, 8, 9, 7, 3]"
10007_at,10080_at,9,12,132,174.69999147579074,465.3999931178987,0.3753760078624118,"[5, 7, 9, 7, 5, 4, 2, 1, 0]"
10018_at,10114_at,10,7,132,176.2000028975308,486.30000674165785,0.3623277821403267,"[0, 1, 4, 5, 9, 8, 7, 6, 3, 2]"
10068_i_at,10151_at,9,13,132,189.89999080076814,505.3000058978796,0.3758163241326909,"[0, 1, 3, 6, 9, 7, 5, 3, 1]"
10123_at,10161_g_at,8,11,132,191.80000526830554,506.20001275092363,0.3789016207762938,"[0, 3, 5, 8, 7, 4, 2, 1]"
10039_s_at,10085_at,10,19,132,211.4000089932233,597.5000094622374,0.35380754082914206,"[1, 4, 5, 6, 7, 9, 8, 4, 3, 2]"
10040_at,10148_at,9,11,132,230.10000586509705,606.2000175006688,0.3795776958466406,"[1, 2, 6, 8, 9, 8, 6, 3, 0]"
10026_at,10181_at,9,26,132,227.09998302161694,605.2000098861754,0.37524781776578187,"[0, 1, 2, 5, 9, 6, 5, 3, 1]"
10121_at,10143_at,9,26,132,227.59998682886362,592.500000493601,0.3841349985472645,"[1, 3, 4, 7, 8, 6, 4, 1, 0]"
10007_at,10129_at,10,14,132,220.89999401941895,587.4999915249646,0.3759999952443102,"[7, 8, 9, 8, 7, 5, 4, 2, 1, 0]"
10002_i_at,10188_at,9,12,132,220.3000185545534,578.2000080216676,0.38101005793534654,"[1, 5, 6, 9, 7, 3, 2, 1, 0]"
10039_s_at,10114_at,10,19,132,222.400005441159,602.099986281246,0.3693738756161906,"[1, 4, 5, 6, 7, 8, 9, 8, 7, 2]"
10052_at,10106_at,8,11,132,217.29999571107328,612.2000049799681,0.3549493530601712,"[1, 2, 6, 9, 7, 6, 5, 3]"
10012_at,10121_at,10,9,132,220.9000231232494,599.4999955873936,0.36847376938979,"[1, 5, 7, 8, 6, 5, 4, 3, 1, 0]"
10138_g_at,10144_at,8,13,132,220.9999947808683,597.6000102236867,0.3698125686077986,"[5, 9, 6, 5, 4, 3, 2, 1]"
10123_at,10188_at,7,10,132,219.40001170150936,579.1000148747116,0.37886376457610105,"[4, 5, 8, 7, 3, 2, 1]"
10130_at,10179_at,10,26,132,223.60001457855105,592.9000035393983,0.3771293864795749,"[0, 1, 5, 7, 9, 6, 4, 3, 2, 0]"
10060_at,10182_at,10,18,132,222.80000848695636,599.7999978717417,0.3714571678518059,"[0, 2, 4, 7, 9, 6, 5, 4, 1, 0]"
10125_at,10188_at,9,10,132,226.9999822601676,612.9999819677323,0.3703099330141851,"[2, 3, 4, 5, 8, 6, 5, 1, 0]"
10019_at,10033_at,7,18,132,223.2999831903726,618.099991697818,0.36126838082784085,"[0, 3, 8, 4, 3, 2, 1]"
10018_at,10141_at,7,9,132,221.30002616904676,628.0000088736415,0.3523885717230524,"[5, 6, 5, 4, 2, 1, 0]"
10022_at,10110_at,8,26,132,217.69999875687063,584.8000000696629,0.3722640197177456,"[1, 3, 5, 7, 4, 3, 2, 0]"
10088_at,10178_at,8,10,132,225.39999918080866,589.5000067539513,0.3823579246791889,"[0, 2, 9, 7, 5, 4, 3, 0]"
10007_at,10010_at,8,2,132,226.00000374950469,637.4999938998371,0.3545098131954075,"[7, 9, 8, 6, 5, 4, 3, 0]"
10080_at,10179_at,9,26,132,238.89998556114733,607.900001341477,0.392992243845957,"[0, 1, 3, 7, 9, 6, 4, 3, 0]"
10001_at,10167_at,8,11,132,229.7000028192997,598.7000185996294,0.38366459943758197,"[0, 4, 6, 8, 7, 6, 3, 2]"
10012_at,10101_at,9,21,132,228.599994443357,608.200003625825,0.3758631915168412,"[1, 5, 7, 8, 9, 5, 3, 1, 0]"
10100_at,10170_g_at,9,16,132,256.5999748185277,646.5000042226166,0.3969063776373461,"[1, 3, 5, 7, 9, 7, 5, 2, 1]"
10018_at,10137_at,10,25,132,236.39999562874436,616.9000116642565,0.3832063400209553,"[0, 2, 3, 5, 7, 8, 7, 6, 4, 3]"
10033_at,10066_s_at,8,20,132,227.4000144097954,603.4999969415367,0.3768020141876231,"[0, 1, 3, 4, 6, 5, 4, 2]"
10020_at,10179_at,8,26,132,226.50000755675137,621.6000183485448,0.3643822407832489,"[0, 1, 5, 7, 9, 6, 3, 1]"
10080_at,10171_at,9,2,132,229.7000028192997,620.3999801073223,0.37024501963969136,"[4, 7, 9, 7, 5, 4, 3, 1, 0]"
10146_at,10187_at,9,12,132,232.39999427460134,640.5999884009361,0.36278488679763726,"[6, 7, 9, 8, 7, 6, 5, 3, 2]"
10049_at,10056_at,11,7,132,224.29999080486596,649.6999994851649,0.3452362490112447,"[1, 4, 5, 6, 9, 6, 5, 4, 3, 1, 0]"
10128_at,10155_at,9,8,132,227.70001669414341,625.0999867916107,0.3642617525283226,"[0, 3, 5, 8, 9, 8, 5, 1, 0]"
10048_at,10085_at,10,19,132,226.6000083182007,620.3000084497035,0.3653071178969271,"[1, 2, 6, 8, 9, 8, 5, 4, 1, 0]"
10033_at,10180_at,9,8,132,230.30000738799572,607.1999960113317,0.3792819645929277,"[0, 1, 3, 6, 8, 6, 5, 4, 2]"
10037_at,10151_at,8,13,132,234.10000721924007,636.9000184349716,0.3675616273249363,"[5, 6, 9, 7, 5, 4, 3, 2]"
10052_at,10161_g_at,8,11,132,238.1000085733831,625.0999867916107,0.3808990779146479,"[0, 5, 7, 8, 7, 6, 5, 0]"
10001_at,10080_at,9,20,132,257.79998395591974,622.9999999050051,0.4138041476648941,"[0, 3, 4, 5, 8, 6, 4, 3, 2]"
10099_at,10160_at,10,19,132,236.7999986745417,686.2999871373177,0.3450386173869501,"[4, 5, 7, 9, 7, 6, 5, 2, 1, 0]"
10007_at,10167_at,8,8,132,234.7000117879361,633.8999955914915,0.3702476943053734,"[0, 1, 6, 9, 7, 5, 3, 2]"
10026_at,10069_f_at,9,8,132,240.3000253252685,627.1000020205975,0.3831925124397874,"[0, 1, 2, 5, 9, 6, 4, 1, 0]"
10162_at,10186_s_at,8,13,132,236.29999486729503,625.9999936446548,0.37747603397170215,"[6, 7, 9, 7, 6, 5, 4, 3]"
10001_at,10146_at,8,26,132,235.699990298599,622.5999968592077,0.37857370942438223,"[0, 3, 4, 6, 8, 7, 4, 2]"
10088_at,10138_g_at,8,25,132,233.60000341199338,618.8999977894127,0.37744385885662624,"[1, 2, 3, 5, 8, 7, 6, 5]"
10086_at,10097_at,10,11,132,251.79999647662044,626.3999966904521,0.40197956227169707,"[0, 1, 2, 3, 4, 6, 8, 6, 5, 3]"
10078_at,10150_at,10,27,132,265.8999874256551,654.4999778270721,0.406264318462528,"[0, 1, 2, 5, 6, 7, 8, 6, 5, 0]"
10129_at,10170_g_at,9,2,132,237.89997794665396,620.9999846760184,0.38309176138026585,"[7, 8, 9, 8, 7, 5, 4, 2, 1]"
10043_at,10103_at,9,6,132,235.10001483373344,638.9000045601279,0.3679762297006023,"[5, 9, 8, 7, 6, 4, 3, 1, 0]"
10068_i_at,10155_at,9,8,132,233.20000036619604,1202.3999879602343,0.19394544469498814,"[0, 3, 5, 8, 9, 8, 5, 1, 0]"
10060_at,10067_at,9,8,132,246.79998750798404,635.3000062517822,0.38847786097797116,"[3, 8, 9, 8, 6, 5, 4, 1, 0]"
10022_at,10085_at,9,7,132,236.80002777837217,641.9999990612268,0.36884739583276666,"[0, 1, 5, 7, 8, 3, 2, 1, 0]"
10070_at,10158_at,8,3,132,225.09999689646065,628.5000126808882,0.35815432355568133,"[3, 5, 9, 8, 7, 5, 2, 1]"
10128_at,10137_at,8,14,132,229.4000005349517,593.2000058237463,0.3867161130863371,"[3, 4, 5, 8, 6, 5, 4, 3]"
10080_at,10144_at,8,13,132,225.60000070370734,576.9999988842756,0.3909878702598649,"[4, 7, 9, 8, 6, 4, 3, 2]"
10101_at,10131_at,9,19,132,213.0000211764127,563.2000102195889,0.3781960534648518,"[0, 1, 5, 6, 8, 9, 8, 7, 6]"
10038_i_at,10137_at,8,13,132,219.49998335912824,553.0999915208668,0.3968540710976438,"[0, 4, 5, 9, 8, 7, 5, 3]"
10001_at,10125_at,8,26,132,197.19998817890882,522.5999921094626,0.37734403206344436,"[0, 3, 4, 5, 8, 6, 2, 1]"
10003_f_at,10125_at,9,23,132,202.60000019334257,534.4000237528235,0.3791167499780115,"[0, 1, 2, 3, 4, 8, 6, 5, 4]"
10160_at,10178_at,9,10,132,210.3000006172806,535.9000060707331,0.3924239564004096,"[2, 4, 5, 9, 6, 5, 4, 3, 0]"
10040_at,10178_at,8,10,132,199.8000079765916,523.900002008304,0.38137050431510533,"[7, 9, 7, 6, 5, 4, 3, 0]"
10001_at,10075_at,9,1,132,192.69998301751912,516.0000000614673,0.3734495794468298,"[3, 9, 8, 7, 6, 4, 3, 2, 1]"
10141_at,10167_at,8,8,132,193.9999929163605,512.0999994687736,0.3788322458848002,"[1, 2, 6, 9, 8, 7, 5, 3]"
10005_at,10012_at,9,16,132,200.00000949949026,516.0000000614673,0.38759691758849946,"[1, 2, 3, 4, 9, 8, 7, 4, 1]"
10068_i_at,10177_at,9,8,132,194.59999748505652,510.09998423978686,0.38149383159670774,"[0, 1, 3, 7, 9, 8, 5, 3, 1]"
10143_at,10180_at,9,8,132,193.20001592859626,509.79998195543885,0.3789721905982407,"[0, 1, 8, 7, 6, 3, 2, 1, 0]"
10076_at,10100_at,8,7,132,190.19999308511615,502.90001672692597,0.3782063765338757,"[5, 7, 9, 7, 3, 2, 1, 0]"
10045_at,10128_at,9,24,132,196.79998513311148,506.7999882157892,0.3883188431514258,"[0, 3, 4, 8, 9, 8, 5, 1, 0]"
10136_at,10180_at,9,8,132,191.4000022225082,511.39999413862824,0.3742667274466653,"[6, 8, 7, 6, 5, 3, 2, 1, 0]"
10007_at,10100_at,9,4,132,193.59998987056315,519.7999998927116,0.3724509232599515,"[5, 7, 8, 7, 6, 5, 3, 2, 1]"
10085_at,10159_at,10,20,132,205.19999088719487,543.9000087790191,0.3772752115739816,"[0, 1, 5, 7, 8, 9, 6, 4, 3, 2]"
10097_at,10125_at,10,26,132,195.9000073838979,541.2000173237175,0.36197339451805816,"[0, 1, 2, 3, 4, 5, 8, 6, 2, 1]"
10067_at,10077_at,9,21,132,209.10002058371902,549.4999932125211,0.3805277946615894,"[0, 2, 3, 5, 9, 8, 5, 1, 0]"
10111_at,10160_at,10,11,132,207.4000076390803,550.0999977812171,0.3770223749783877,"[0, 2, 4, 5, 7, 6, 4, 3, 1, 0]"
10023_at,10111_at,9,26,132,201.69999334029853,543.7000072561204,0.3709766243304165,"[0, 5, 6, 7, 8, 7, 6, 5, 1]"
10040_at,10137_at,8,25,132,209.69999604858458,623.5000037122518,0.33632717690465663,"[1, 3, 4, 8, 7, 6, 3, 1]"
10039_s_at,10151_at,11,13,132,253.40000865980983,677.5000074412674,0.37402214889536683,"[0, 3, 5, 6, 8, 9, 8, 7, 4, 3, 2]"
10137_at,10181_at,9,26,132,241.30000383593142,651.5999848488718,0.37031922873954193,"[0, 4, 5, 9, 7, 6, 5, 3, 1]"
10018_at,10040_at,9,25,132,238.30001009628177,641.0999922081828,0.37170490249967,"[0, 3, 4, 6, 8, 9, 7, 6, 3]"
10106_at,10160_at,9,19,132,242.6000137347728,546.6000002343208,0.44383463891469654,"[2, 4, 6, 9, 7, 6, 5, 3, 1]"
10022_at,10077_at,8,10,132,199.89997963421047,517.6000122446567,0.3862055156593055,"[4, 6, 7, 5, 3, 2, 1, 0]"
10002_i_at,10038_i_at,8,13,132,196.60001271404326,532.7000108081847,0.36906327900345254,"[0, 5, 6, 4, 3, 2, 1, 0]"
10147_at,10148_at,9,11,132,198.29999655485153,563.8000147882849,0.3517204529150572,"[0, 2, 5, 9, 7, 6, 4, 2, 0]"
10075_at,10099_at,10,16,132,213.29999435693026,549.5999939739704,0.38810043066891364,"[0, 1, 3, 4, 7, 8, 7, 5, 2, 1]"
10125_at,10161_g_at,9,11,132,199.90000873804092,524.200004292652,0.3813430124018849,"[0, 1, 3, 5, 8, 6, 5, 2, 1]"
10077_at,10123_at,6,12,132,198.80000036209822,499.3000184185803,0.3981574064262048,"[4, 7, 6, 5, 3, 1]"
10012_at,10056_at,10,16,132,193.6999906320125,513.7999833095819,0.37699493367889364,"[1, 5, 7, 8, 6, 5, 4, 3, 1, 0]"
10020_at,10043_at,8,28,132,191.60000374540687,540.5000119935721,0.3544865855575327,"[0, 3, 4, 6, 7, 6, 3, 1]"
10069_f_at,10186_s_at,8,25,132,208.79998919554055,543.9000087790191,0.3838940721186379,"[0, 1, 2, 5, 8, 9, 7, 5]"
10012_at,10150_at,9,26,132,208.79998919554055,539.5999760366976,0.38695329590107375,"[1, 2, 3, 6, 9, 8, 6, 4, 3]"
10023_at,10040_at,8,25,132,228.70002430863678,622.4000244401395,0.3674486107457286,"[0, 3, 6, 9, 8, 6, 3, 1]"
10068_i_at,10131_at,9,7,132,251.59999495372176,604.4000037945807,0.41628059790554506,"[0, 1, 3, 6, 9, 6, 4, 2, 1]"
10008_at,10026_at,9,1,132,229.199999012053,630.4999988060445,0.36352101418886745,"[9, 8, 7, 6, 5, 4, 3, 2, 0]"
10043_at,10159_at,9,8,132,237.3000024817884,698.5999934840947,0.339679365438172,"[0, 2, 5, 9, 8, 7, 6, 3, 2]"
10012_at,10151_at,8,13,132,251.6999957151711,668.3999963570386,0.3765709112612274,"[1, 5, 8, 9, 8, 7, 4, 3]"
10155_at,10167_at,9,8,132,249.80001035146415,645.6999981310219,0.3868669832344898,"[0, 1, 2, 4, 5, 9, 7, 6, 5]"
10012_at,10086_at,7,16,132,245.80000899732113,644.9999928008765,0.381085289520622,"[7, 8, 9, 5, 4, 1, 0]"
10137_at,10187_at,9,12,132,249.80001035146415,680.7000027038157,0.3669751863658453,"[3, 4, 5, 9, 8, 7, 6, 5, 3]"
10148_at,10158_at,9,3,132,244.19999681413174,634.9000032059848,0.384627493433646,"[3, 5, 9, 8, 7, 6, 4, 3, 2]"
10054_at,10086_at,9,32,132,248.09999740682542,604.7000060789287,0.41028608386427246,"[0, 1, 2, 3, 4, 5, 6, 5, 3]"
10053_at,10143_at,10,25,132,219.5000124629587,588.9000021852553,0.3727288362174411,"[0, 2, 3, 4, 9, 8, 6, 4, 1, 0]"
10023_at,10106_at,8,8,132,216.39998885802925,579.9999926239252,0.3731034338104622,"[5, 6, 9, 7, 5, 4, 3, 1]"
10023_at,10052_at,7,8,132,213.99999968707561,585.6000061612576,0.3654371540907158,"[0, 6, 9, 8, 7, 5, 3]"
10007_at,10087_at,9,23,132,221.19999630376697,569.6000007446855,0.3883426896323276,"[5, 7, 8, 9, 8, 6, 4, 3, 0]"
10019_at,10137_at,7,14,132,282.19999512657523,693.0999807082117,0.40715625881019707,"[3, 4, 5, 8, 7, 6, 1]"
10007_at,10089_at,8,2,132,214.5000034943223,576.40002341941,0.37213739552235264,"[8, 9, 7, 5, 4, 3, 2, 0]"
10088_at,10170_g_at,8,16,132,217.5999979954213,544.0999811980873,0.39992649423783183,"[6, 7, 9, 7, 5, 4, 3, 1]"
10045_at,10170_g_at,9,16,132,202.7000009547919,531.600002432242,0.38130173067602297,"[3, 5, 7, 8, 9, 7, 5, 3, 1]"
10114_at,10125_at,9,12,132,200.00000949949026,535.0999999791384,0.3737619314283079,"[0, 1, 4, 9, 6, 5, 4, 2, 1]"
10080_at,10107_at,8,18,132,196.90001499839127,519.299996085465,0.3791642913203219,"[0, 1, 3, 9, 6, 4, 3, 2]"
10111_at,10186_s_at,8,13,132,200.39998344145715,531.5000016707927,0.3770460636152236,"[5, 9, 8, 7, 6, 4, 3, 1]"
10097_at,10138_g_at,9,27,132,224.79999461211264,552.1000130102038,0.40717259430305053,"[1, 3, 4, 6, 7, 8, 6, 5, 3]"
10067_at,10188_at,9,23,132,218.700006371364,619.9000054039061,0.3527988457249107,"[2, 3, 4, 5, 6, 7, 9, 8, 7]"
10007_at,10037_at,9,8,132,224.6999938506633,577.8000049758703,0.388888874897201,"[5, 8, 9, 7, 5, 4, 2, 1, 0]"
10039_s_at,10173_at,8,6,132,215.4999820049852,572.2999921999872,0.37655073377963616,"[1, 3, 5, 7, 4, 2, 1, 0]"
10023_at,10089_at,8,26,132,215.20000882446766,607.0999952498823,0.35447209769107535,"[0, 3, 5, 7, 8, 7, 5, 2]"
10005_at,10124_at,9,4,132,231.79998970590532,625.7999921217561,0.37040586868656616,"[5, 6, 7, 9, 8, 7, 6, 4, 3]"
10056_at,10109_at,9,3,132,236.1000224482268,642.3000013455749,0.36758527472149044,"[4, 6, 9, 7, 5, 4, 3, 1, 0]"
10058_at,10146_at,9,3,132,237.50000400468707,639.1000060830265,0.37161633820080586,"[7, 9, 8, 7, 5, 4, 3, 1, 0]"
10005_at,10158_at,9,3,132,230.99998361431062,656.5999938175082,0.3518123450950161,"[3, 5, 9, 8, 7, 6, 4, 2, 1]"
10058_at,10123_at,7,27,132,231.70001804828644,629.2999896686524,0.36818690902932366,"[0, 3, 4, 5, 6, 7, 6]"
10001_at,10187_at,10,6,132,253.50000942125916,670.300010824576,0.3781888786029015,"[3, 4, 6, 7, 8, 6, 4, 3, 2, 0]"
10007_at,10067_at,8,8,132,254.30001551285386,695.2999974600971,0.36574143023414585,"[8, 9, 8, 7, 5, 4, 1, 0]"
10066_s_at,10159_at,9,20,132,252.30000028386712,668.9000001642853,0.37718642580639994,"[2, 3, 4, 5, 7, 8, 9, 8, 7]"
10005_at,10143_at,10,13,132,250.80001796595752,689.499982399866,0.36374187725578433,"[1, 2, 8, 9, 8, 7, 6, 4, 2, 0]"
10012_at,10179_at,9,13,132,251.60002405755222,710.4999967850745,0.35411685460381637,"[5, 7, 8, 9, 6, 4, 3, 2, 1]"
10001_at,10040_at,9,13,132,256.2000008765608,706.7999977152795,0.3624787800010237,"[1, 3, 4, 6, 8, 7, 6, 3, 1]"
